word,Count
abbreviation,1
ability,1
accede,1
access,3
accident,1
accord,1
account,1
accounted,2
accountid,1
accounting,1
accounts,1
accusations,1
accused,1
achieved,2
acknowledged,2
action,1
actions,2
actionso,1
actionswhere,1
active,1
activist,1
activity,1
actors,2
adamant,1
adapt,1
addedcrypto,1
adding,2
administer,1
adopted,1
ads,11
adslittle,1
advertising,17
advertisingchina,1
advertisingthe,1
adverts,3
advice,1
advisory,1
affect,1
affected,4
affirmative,1
afford,1
africas,1
afterwhile,1
age,1
agencies,2
agency,2
agencyfinancial,1
aggregateiq,1
aggressive,1
agree,2
agreed,1
agreement,1
aimed,3
aims,1
airline,2
airplane,1
airport,1
akzo,1
alexander,1
algorithmic,1
algorithms,1
alibaba,1
allegations,1
alleged,1
allocation,1
allowed,2
allows,1
almostperfect,1
alone,2
aloneit,1
along,2
alphabet,1
alphabets,1
although,2
altogether,1
ambitious,1
amd,1
america,2
american,4
americanbased,1
americans,2
amounted,1
amounts,2
analyst,3
analysts,3
analytica,2
analyticacritics,1
analytics,1
andrew,3
angry,1
announcement,1
ante,1
antitrust,1
anxious,1
app,2
appeal,1
appears,1
applicationsatlanta,1
applied,1
apply,2
applying,2
approach,2
apps,6
arcbut,1
arent,1
argue,2
argued,1
argues,1
arguments,1
arizona,2
arlington,1
arm,1
arms,1
arnaud,1
arrest,1
arrests,1
articles,1
artificial,1
asia,1
asias,1
ask,1
asking,1
assailants,1
assault,3
asset,2
assets,2
assetsmaybe,1
association,2
assume,1
asx,1
athletebook,1
atlantabased,1
atlantas,1
attack,13
attacked,1
attackers,3
attacking,1
attacks,5
attacksthe,1
attackthe,1
attain,1
attempted,1
attempts,1
attorney,1
attorneys,1
attract,1
audi,1
australias,1
authorities,3
authoritiesalso,1
authority,2
authors,1
auto,1
autocrats,1
automakers,1
automated,3
automatic,1
automatically,1
automotive,1
autonomous,1
average,3
avoid,1
avon,1
awaiting,1
axios,1
baby,1
backers,1
bad,3
baidu,1
bail,1
balance,2
baltimore,1
ban,5
band,2
banding,1
bank,34
banker,4
bankers,5
banking,3
bankrupt,1
bankruptcy,2
banks,11
banksnapchat,1
bankwilliam,1
banned,2
banning,1
bans,2
bare,1
barington,1
barometer,1
barrage,1
base,1
based,3
beating,1
became,5
becoming,1
beef,1
began,2
begin,2
beginning,1
behavior,1
beijing,1
believe,2
believed,4
believes,1
belonged,1
benefit,1
benefits,1
bet,1
betters,1
betting,2
betweenthere,1
beyond,1
bickers,1
big,6
bigger,1
biggest,5
bill,1
billboards,3
billion,10
billionamazon,1
billions,2
billkarpeles,1
bills,1
bin,1
binary,6
bitcoin,21
bitcoinbtsp,1
bitcoininvestec,1
bitcoins,2
bitflyer,1
blame,1
blamed,1
blanket,1
blankfein,1
blockchain,13
blockchainbased,1
blockchainreuters,1
blocking,2
blocks,1
blog,1
bloomberg,1
bloombergview,1
blue,1
blythe,1
bnp,3
board,2
boards,2
body,2
boeing,6
boeings,2
bond,1
bonds,2
bonus,2
book,2
bookkeeper,1
boom,3
bottomup,1
bought,1
brakes,1
breachesexperts,1
break,2
breakingviews,1
brexit,2
brexitbound,1
britains,6
british,2
broader,1
broadly,1
broker,2
brokers,1
brokersthat,1
brookfield,1
brother,1
brought,3
build,2
built,3
bull,1
bullish,1
bully,1
bumble,1
bund,1
bunds,1
bureau,1
busiest,1
business,11
businesses,3
businessso,1
button,1
buy,6
buyers,1
buying,1
buzzfeed,1
calculation,1
calculations,1
calif,1
california,1
call,2
calls,1
cambridge,3
came,2
campaign,1
canada,2
candidate,1
cannot,1
cant,3
capital,7
capitalist,1
capitals,1
caps,1
car,3
careful,1
carefully,1
carlyle,1
carried,1
cars,2
carsnvidias,1
case,3
cases,3
cash,1
casts,1
casualties,1
catch,1
category,1
catering,1
cause,1
causing,1
cautious,1
center,2
central,3
centralized,2
ceo,10
ceos,1
certain,2
certainly,1
cfd,1
cfds,4
chains,1
chair,1
chairas,1
chairman,2
chairs,2
challenge,1
challenges,1
chamber,1
chances,1
changed,1
changejanuary,1
changes,5
changing,2
charges,1
charlie,1
charts,1
chase,5
chatrooms,2
cheaply,1
chemicals,1
chernobyl,1
chiefyou,1
child,1
china,8
chinese,4
chip,2
choicein,1
choosing,2
choppy,1
chosen,1
chuckle,1
cisco,2
cities,1
citigroup,1
citing,1
citis,1
citron,1
citycounty,1
citythe,1
claims,2
clara,2
clean,1
cleaner,1
cleanup,1
clearing,4
clearly,1
client,4
clients,4
climate,1
clock,1
clogged,1
close,1
closing,1
cloudbased,1
clusters,1
clutterin,1
cmc,1
cnbc,1
coaster,1
code,2
codenamed,1
coffee,1
cohead,1
cohen,1
coin,2
coincheck,2
coins,1
cold,1
collapsed,1
collateral,1
colleagues,1
collective,2
collectiveransomware,1
colombian,1
colorado,2
column,1
combat,1
comes,1
commerce,1
commercial,1
commission,1
commissioned,1
committed,1
committee,1
committees,1
commodities,1
commodity,1
common,5
companies,18
company,13
companys,4
companytuesdays,1
compare,1
compared,1
compensation,1
compete,1
competent,1
competition,1
complacency,1
complaints,1
complexity,1
compliance,1
composite,1
compromised,1
compromiseddell,1
computer,6
computers,8
concept,1
conceptthe,1
concern,1
concerned,3
concerns,4
concessions,1
conciliatory,1
concluded,1
conditions,1
conduct,1
conducted,2
conducting,1
confer,1
confidentialityms,1
confirm,1
conglomerate,2
conglomerates,1
conjunction,1
connecting,1
connections,1
consensus,1
consequence,1
consequential,1
considered,1
considering,2
conspiracies,1
consult,1
consultancies,1
consultancy,1
consumer,2
consumers,1
continue,1
continued,1
continuesthe,1
contract,1
contrast,1
contributing,1
contributions,1
control,6
convenient,1
conversations,1
convert,2
coolers,1
cooperation,1
coordinatesheres,1
corbat,1
core,1
corner,1
corporate,1
corporation,1
corporationa,1
cosmetics,1
cost,1
costs,3
counterparts,1
country,4
countrys,2
county,4
couple,1
course,1
court,1
courtappointed,1
coutts,1
crack,1
crackdown,1
crash,1
creates,1
creating,2
creative,1
creativity,1
credit,1
creditcard,1
creeps,1
crew,2
criminal,1
criminals,2
cripples,1
crisis,4
criterion,1
criticized,1
crown,1
cruddas,1
cryan,3
crypto,6
cryptocurrencies,8
cryptocurrenciesgiant,1
cryptocurrencieshe,1
cryptocurrency,10
cryptorelated,2
cryptos,1
cryptotrading,2
cryptowallets,1
culture,6
curbing,1
currencies,4
currency,8
currently,2
curve,8
customers,7
cut,4
cutting,1
cyber,1
cyberattack,1
cyberattacks,3
cybercrimehe,1
cybercriminal,1
cybercriminals,2
cybersecurity,5
dabbling,1
dallas,2
damage,2
damaged,1
dan,2
dancing,1
danielss,1
danish,1
data,13
database,1
datain,1
dataretention,1
date,1
dates,1
dating,1
david,1
daysdtcc,1
daysthe,1
daytoday,1
deal,6
dealer,1
dealing,1
dealsthe,1
death,1
debate,1
debt,1
debut,1
decade,2
decadebankers,1
decadesasked,1
decelerate,1
december,2
decemberwhat,1
decentralized,5
decide,1
decided,1
decision,1
decisions,1
deckwannacry,1
declaring,1
decline,1
declined,3
decryption,1
deepening,1
defamation,1
defense,1
defenses,1
deficit,1
degraded,1
delay,1
delete,1
dell,1
demand,1
demanding,2
demands,2
democracy,1
democrats,1
denied,1
dennehyneil,1
deny,1
department,3
departments,1
dependent,1
depends,1
deployed,1
deploying,1
depository,1
deputyfacebooks,1
designed,3
desire,1
desktops,1
destructive,1
details,1
detained,1
detected,1
deutsche,11
develop,1
developed,3
developers,2
development,2
dicks,1
difference,2
differences,1
dig,1
digital,12
dime,1
direction,1
directly,1
directors,1
dirty,1
disappear,1
disappeared,1
disappointed,1
discarded,1
disclosed,1
discomfort,1
discount,1
discourage,1
discovered,1
discrimination,1
discuss,1
discussions,1
displace,1
disruption,2
dissolvedstill,1
distribution,2
dive,1
diversified,1
division,2
dollar,2
dominated,1
donate,1
donelinkedin,1
doomfest,1
door,1
dot,1
doubts,1
doug,1
dow,2
down,11
downgrades,1
doyou,1
dozens,2
dragged,1
draw,1
dream,1
drew,1
drives,1
driving,1
drop,1
dropped,3
drugs,2
dtcc,4
dtccthe,1
ducey,1
dudley,9
dudleys,2
due,3
dumped,1
duped,1
dutch,1
eager,1
earns,1
easier,1
easily,1
eastern,1
eavis,1
eavisthe,2
ecb,2
ecommerce,1
economic,5
ecosystem,1
effect,1
efforts,1
eight,1
either,1
elaborate,1
elected,1
election,1
electionafter,1
electriccar,1
email,2
embarrassing,1
embarrassingly,1
embattled,2
embezzlement,1
embezzling,1
embraced,1
emerged,1
emerging,1
empires,1
employed,1
employee,1
employees,6
employment,1
empowering,1
enabled,1
encrypt,2
encrypting,1
encryption,2
end,3
enforce,1
engine,1
engineer,1
engineering,1
england,1
english,2
enormous,1
enough,3
ensured,1
enterprise,1
enterprisemany,1
enterprisewide,1
enters,1
enthusiasm,1
entire,1
entrepreneurship,1
entrusted,1
entry,1
envelope,1
environmentrussian,1
episode,1
equally,1
equities,1
equity,3
equivalent,2
erred,1
escalating,1
escalation,1
esma,3
esmasaid,1
estimate,1
estimated,2
estimates,2
eternal,1
ethical,1
ethics,3
eudespite,1
euroclear,1
europe,2
europea,1
european,4
euros,2
eurothe,1
evangelical,1
evaporated,1
eve,1
evening,1
events,1
eventually,1
evidence,1
evolve,1
exactly,1
examine,1
examining,3
exceedingly,1
exchange,8
exchanges,5
exchangesjapan,1
excited,1
excluding,1
executive,4
executives,1
exercise,1
exist,1
existednew,1
exists,1
exit,1
expand,1
expect,2
expectation,1
expected,1
expects,1
expense,1
experienced,1
experiencing,1
experimenting,1
experts,5
explain,1
explained,1
exploded,1
exploitation,1
exploited,1
exports,1
exposure,1
expressed,1
extorted,1
extortion,2
extradited,1
faangs,3
face,1
facebooknone,1
facebooks,2
faceless,1
faces,2
facestaring,1
facing,2
fact,3
fail,1
failed,1
failure,1
failures,1
fall,3
fallenthen,1
fallout,2
falls,1
famed,1
familiar,2
fanfare,1
fang,1
fargo,3
fargoand,1
fargos,1
fastemerging,1
faultedfollowing,1
favor,1
fbi,1
fcc,1
fearing,1
february,1
fed,7
federal,5
federated,1
fedex,2
feds,2
feed,1
feeds,1
feel,1
fees,1
fell,5
feverish,1
fewer,2
fight,2
figure,1
file,2
files,2
filing,1
filled,1
finally,1
financial,21
financially,1
finding,1
fine,1
finished,1
fintech,1
fire,1
firm,5
firmly,1
firms,10
five,4
fixes,1
fixing,1
flagged,1
flattening,4
flattest,1
flawed,1
flickered,1
fluent,1
focus,6
followed,1
forced,1
forces,1
forcing,3
ford,1
foreign,1
form,4
formal,1
forms,1
forwardpozmanter,1
fought,1
found,4
founded,2
founder,2
foundthese,1
frame,1
fraud,1
free,1
freely,1
freeman,1
freezing,1
french,3
frenzy,1
fresh,1
friend,2
friendships,1
front,2
frontier,1
froze,1
ftse,1
fueling,1
fulfill,1
fulfilled,1
fullscale,1
fund,4
funds,4
further,2
furtherthat,1
future,2
gadfly,1
gained,2
gainers,1
gains,1
game,1
gamed,1
gamerbook,1
gategroup,1
gave,1
gekko,1
general,2
generated,1
geofence,1
german,1
germany,1
getting,3
ggp,1
giant,4
giants,1
giantsif,1
gic,1
girls,1
gives,2
giving,1
glaxo,3
glaxosmithklines,1
global,9
gmtgraphic,1
goals,2
goes,2
gold,1
goldman,3
gone,2
goods,1
googleparent,1
gordon,1
gore,1
goto,1
gotten,1
governanceinstead,1
governed,1
government,10
governments,7
governor,1
goxmt,1
gps,1
graffiti,1
grand,1
graphs,1
gray,1
greater,2
greece,1
green,1
gretchen,1
grips,1
grocery,1
grouphowever,1
groups,3
grow,1
growing,4
grown,1
growth,4
gsks,1
guaranteed,1
guidance,1
hack,1
hacked,1
hackers,9
hacking,3
hackingabout,1
hackmt,1
hacks,1
half,4
halt,2
halting,1
hand,1
handful,1
handled,1
hands,2
handsif,1
hang,1
hans,1
happen,1
happened,1
happy,2
harassment,1
harder,2
hardest,1
hardly,1
hardso,1
harry,1
harsh,1
harvests,1
hasnt,2
hate,1
haven,1
having,1
hawks,1
head,6
headed,1
heads,1
health,4
healthy,1
heart,2
heath,1
heavily,2
heavyweight,1
hedge,3
hefty,1
heights,1
heimans,2
heist,3
hell,1
helm,1
helped,2
helping,1
helps,1
henry,1
her,1
hereimagine,1
herein,1
hes,1
hideafter,1
high,2
higher,1
highest,2
highly,1
highpowered,1
highrisk,1
hill,1
himnot,1
hippeau,1
hiring,1
hna,1
hnas,1
holdings,3
hole,1
hollywood,1
home,1
homelessness,1
honest,1
honey,1
hopes,1
hoping,1
hospitals,1
hostage,1
hot,1
houryet,1
housemaid,1
houses,2
houston,1
however,2
huawei,1
hubs,1
huge,1
hunter,1
hypemeetsreality,1
ibm,1
icarly,1
icos,5
idea,3
ideal,2
identified,2
igs,2
ill,1
imagine,1
imbroglio,1
immaterial,1
impact,3
impactcryptocurrencies,1
impactin,1
impactplus,1
imply,1
important,4
importantduring,1
imports,2
impose,1
imposed,1
improperly,1
improve,1
improving,2
inaccessiblethreat,1
inaccurate,1
inbox,1
includes,1
incoming,1
inconclusive,1
incorporating,1
increasing,2
indeed,2
independence,1
independent,2
index,2
indexs,1
indicate,1
indication,1
indicted,1
individual,1
industrial,3
industrials,1
industry,6
industrys,2
industrytwitter,1
inflicting,1
influence,1
information,11
infrastructure,4
inherently,1
initiative,3
ink,1
inquiries,1
inside,1
insider,1
instagram,1
instead,1
institution,2
institutions,4
institutionsa,1
institutionwhen,1
intelligence,2
intensifying,1
intention,1
interacted,1
interest,5
interesting,2
interests,3
interior,1
internal,1
international,1
internet,7
interventions,1
interview,3
intimate,1
introduce,1
intrusion,1
inversionthe,1
invertsthere,1
investigation,2
investin,1
investing,2
investment,11
investments,1
investor,3
investors,9
involve,1
ipolevel,1
irresistible,1
issue,1
issuecharles,1
issuers,1
issues,2
italian,1
itselfde,1
itversions,1
itwe,1
james,1
januaryprime,1
januarythat,1
japan,10
japanese,5
japans,4
jarring,1
jeremy,1
jersey,1
jim,1
job,1
jobs,1
joe,1
john,4
joint,3
jones,3
jordan,1
journal,1
journalist,1
journey,1
jpmorgan,7
jpmorgans,1
jrg,1
judging,1
judgment,1
judicial,1
judiciary,1
july,2
jumps,1
jurisdictions,2
jury,1
kaissar,1
kano,2
kapron,1
kapronasiathe,1
karpeles,4
kasotsuka,1
keeping,1
keisha,1
kel,1
kenan,1
keogh,1
kept,1
key,1
kiev,1
killed,1
kind,4
knees,1
knocking,1
knots,1
knowing,1
knownwhile,1
korea,5
korean,2
kushner,1
labor,1
labsreuters,1
lack,3
lackluster,1
laid,1
lance,1
lanctot,1
large,5
largely,1
larger,1
largest,5
later,4
latvian,1
launch,1
launched,1
laws,2
lawyers,3
lead,1
leader,1
leaders,2
leadership,2
leading,1
least,1
leave,1
led,2
ledger,1
lefts,1
legal,3
legally,1
legislationmr,1
lenders,1
lending,1
lerer,1
letting,1
leuthold,1
level,4
levelms,1
levels,2
leverage,1
lgbt,1
liberum,1
license,1
licensed,2
licensing,1
life,2
light,3
lightspeed,1
likens,1
limit,2
limited,2
limits,2
line,1
lineas,1
lines,1
linesa,1
linescontenders,1
lingering,1
linked,1
liquidshare,1
liska,2
lists,1
literally,1
lives,1
livid,1
lloyd,1
loans,1
location,1
lock,1
locked,2
locking,1
locks,2
loebs,1
london,8
long,5
longer,3
longest,1
longterm,1
loose,2
loosen,1
lose,1
loss,1
losses,7
lossesthe,1
lost,3
lots,1
low,2
lower,3
lowes,1
ltd,1
lucky,1
lunatic,1
lured,1
luxury,1
machineour,1
machines,4
maersk,2
main,4
major,8
maker,3
makers,4
makes,2
malicious,3
malware,4
man,1
manage,1
managed,1
management,3
managements,1
mandated,1
maneuvering,1
manipulation,1
manually,2
mapping,1
margin,1
margins,1
mark,2
market,4
marketbased,2
marketer,1
marketing,2
marketmark,1
markets,10
marquee,1
maryland,1
masa,1
masset,1
massive,1
mastercard,1
masters,1
mastodon,1
matter,3
matters,1
maximalists,1
maximum,1
maybe,4
mayor,3
mean,1
meansgalloping,1
meant,1
meanwhile,1
measure,1
measures,3
media,9
mediayouve,1
meet,1
meltup,1
memo,2
menathan,1
mention,1
merchant,1
merck,1
merely,1
messaging,1
messy,1
met,3
metastasizing,1
meticulous,1
metro,1
metropolitan,1
mexican,1
michael,1
micron,1
microsoft,2
middle,1
middlemen,1
mike,2
million,17
millions,1
mine,1
miners,1
minimize,1
mining,1
ministry,1
minutes,1
misconduct,2
missing,2
mistake,1
mistreatment,1
misused,1
model,3
models,1
modelso,1
mohammed,1
mombook,1
momentum,1
monetizing,1
money,6
moneycybersecurity,1
moneylaundering,1
monitor,1
month,3
monthallan,1
monthly,1
months,4
monthsto,1
morgan,1
morning,2
mounted,1
mouththe,1
movements,2
moving,1
mscis,1
municipal,2
murray,1
musical,1
must,1
mutedinterest,1
mysterious,1
name,1
named,1
names,1
nasdaq,2
nation,1
national,3
nations,1
native,1
nature,1
navigate,1
ncas,1
near,3
nearterm,1
nearzero,1
needs,1
negative,1
negotiating,1
neil,1
nem,1
net,2
netflix,2
network,14
networkemail,1
networks,10
newhousesix,1
news,5
niblock,1
nice,1
nickelodeon,1
nightpart,1
nikkei,1
nineyearold,1
nir,1
nobel,1
nocera,1
nocostlowcost,1
node,1
nodes,2
nominees,1
none,1
nonipo,1
north,4
notes,2
noticed,1
novartis,2
novartiss,1
nowcryptocurrency,1
nras,1
nsa,1
nsas,1
nuclear,1
nudges,1
numbers,2
nurture,1
nutonomy,1
nvidia,2
nvidias,2
nytthe,1
oak,1
observed,1
obstacle,1
obtaining,1
occur,1
occurred,1
offered,4
offering,1
offerings,2
office,1
officer,1
officers,2
officially,1
officials,6
offline,2
oil,4
okcupid,1
old,3
older,1
oldfashioned,1
onbut,1
once,5
onequarter,1
ones,2
onesizefitsall,1
onethird,1
oneway,1
online,10
opening,1
opensharing,1
operate,3
operates,1
operations,5
operationsits,1
opportunities,1
optimistic,1
option,1
options,6
ordered,1
organization,1
organizations,1
organized,1
original,1
outbreak,1
outcome,1
outcomesit,1
outdoor,1
outfits,2
outgoing,1
outlawed,1
output,1
outright,1
overall,2
overhauled,1
overly,2
overrun,1
oversaw,2
overseen,1
oversees,1
oversightbut,1
overstated,1
owned,1
owner,1
owners,1
ownership,1
owning,1
paid,2
panacea,1
paper,1
paralysis,1
paralyze,1
paralyzed,1
paralyzing,1
parent,1
paribas,3
parliament,1
particularly,1
partly,4
partnered,2
partners,3
partnership,2
parts,2
past,5
pastors,1
patients,2
pattern,1
paulsen,1
paxos,1
pay,9
paying,2
payment,2
payments,1
paymentssome,1
pedestrian,1
peers,1
penmanshipsecurity,1
penniless,1
people,10
peoples,1
per,2
percent,35
percentage,2
percentbut,1
percentcmc,1
percentit,1
percenttech,1
percenttesla,1
percentthe,1
performance,2
permanently,1
permitted,2
pernicious,1
pershing,1
personal,4
pertinent,1
pesos,1
petersonwe,1
pharmaceutical,2
phasethe,1
phenomenon,1
phishing,1
pipeline,1
place,3
placed,1
places,1
plain,1
plan,1
plans,4
plansbut,1
plant,1
plastered,1
platform,5
platforms,8
platformsaround,1
played,3
plenty,1
plugged,1
plus,2
pocketed,1
point,2
points,2
police,3
policies,2
policiesline,1
policy,5
political,3
polls,1
poor,2
poorest,1
popular,3
popularalso,1
popularity,1
portfolio,1
portrayed,1
position,1
possibility,2
possible,4
postcrisis,1
potent,1
potential,4
potentially,1
potholes,1
pots,1
pound,2
pounds,2
power,8
powerfacebook,1
powerful,1
pozmanter,2
praise,2
precariousness,1
predators,1
predicament,1
predicting,1
predictor,1
prescription,1
president,4
presidents,1
pressed,2
pressure,1
pressures,1
pressuring,1
pretax,2
prevalent,1
prevented,1
preventive,1
previous,1
prey,1
price,6
prices,2
pricesafter,1
pricing,1
primarily,1
primary,1
prince,1
print,1
printers,1
priorities,1
priority,1
privacy,6
private,2
privatelywhat,1
problem,3
problems,3
process,1
processing,1
processingyet,1
processors,1
produce,1
producer,1
producers,1
producing,1
product,1
production,6
products,6
professor,1
profiles,1
profit,2
profitmaximizing,1
programs,1
progressive,1
prohibiting,2
project,6
projects,5
promised,1
promoting,2
promotions,2
proofs,1
propelled,1
property,1
proposal,1
proposed,5
propublicathird,1
protect,4
protection,3
protocol,1
protocolinstead,1
prototype,1
provide,1
provider,2
providers,2
proxy,1
public,5
publicly,1
pulled,2
pulpit,1
pummeled,1
punters,1
purchase,1
purpose,1
push,1
pushing,3
qualcomm,1
quantify,1
quarter,4
question,2
quickly,1
quiet,1
quite,1
quorum,1
rabbit,1
radiation,1
radical,2
raise,4
raising,2
rallied,1
rand,1
ranging,1
ransom,6
ransomthe,1
ransomware,17
ransomwareits,1
rape,1
rapidly,1
rapidlyhuge,1
rate,1
rates,4
rather,3
ratings,2
ratingsin,1
ratio,2
rattled,2
reach,1
reached,1
reaction,1
readiness,1
realize,1
realworld,1
reasons,2
reassure,1
receive,2
received,1
recession,2
reckoning,1
record,3
recorded,2
recoup,1
recover,1
recovered,1
recovery,1
reduced,1
reducing,1
reduction,2
reeling,1
reflect,1
reflected,1
reflecting,1
refuge,1
regime,3
registered,1
registry,1
regularly,1
regulate,1
regulated,1
regulation,6
regulations,2
regulationskano,1
regulator,4
regulators,8
regulatory,5
reimburse,1
reimbursing,1
reject,1
rejected,1
rejig,1
relate,1
related,1
relation,1
relatively,4
released,1
reluctant,1
rely,1
remaining,1
remains,4
remarked,1
remediations,1
remember,1
reminded,2
remington,1
removed,1
removes,1
removing,1
repeated,1
replace,3
replied,1
repo,2
report,1
reported,4
reportedly,4
reports,1
reportsnvidia,1
represent,2
represented,2
representhe,1
repurchase,1
reputation,1
reputational,1
reputationshe,1
requests,1
require,2
required,1
requires,1
requiring,1
rescue,1
research,1
researchers,3
reserve,2
residents,3
resigned,1
resilient,1
respond,2
responders,1
responding,1
responsibility,1
responsible,2
rest,1
restoration,1
restore,3
restoring,1
restrict,1
restricted,1
restricting,1
restrictions,4
restructuring,1
resulting,1
results,1
retail,8
retailer,1
retailers,2
retire,1
returns,1
reuters,5
reutersa,1
reutersthe,1
reuterswe,1
reutrsppldj,1
revealed,1
revenue,11
review,1
reviewing,1
ride,1
rideselsewhere,1
rings,1
rise,1
risk,3
riskoff,1
risks,3
risksince,1
risky,1
rival,1
rivals,1
roach,1
robert,1
robust,1
roddy,1
roger,1
roiling,1
role,1
rolehistorically,1
roller,1
rose,2
rotating,1
routes,1
royal,1
rules,6
ruleslast,1
running,2
runs,1
rush,1
russia,2
russiaattempted,1
russiakarpeles,1
russian,2
russias,1
sachs,2
safehavenjapans,1
safety,2
saidanother,1
saidbasically,1
saidposttrade,1
saidproofs,1
saidshares,1
saidthe,2
sale,5
sales,8
salman,1
samsams,3
sanctions,1
santa,2
saying,1
saysthe,1
scale,1
scams,1
scandal,4
scandals,1
scapegoat,1
schneider,7
scope,1
scored,1
scores,1
scrambled,1
scrambling,1
scrolling,1
seamlessly,1
search,3
seat,2
seattle,1
seb,1
second,1
sector,5
sectors,1
sectorschip,1
sectorspecific,1
secureworks,2
securities,8
securitiesthe,1
security,7
securityso,1
seem,3
selection,1
selfcleaning,1
selfdriving,6
selfregulatory,1
sell,2
sellers,1
selloff,1
semiconductor,1
senate,2
send,1
sending,2
senior,1
sense,3
sensible,1
sensodyne,1
sensor,1
sent,1
sentiment,1
separate,2
serious,4
seriously,1
serves,1
service,2
services,5
settle,1
settlement,3
severe,1
sexual,1
shadow,2
shadowy,1
shaky,1
shanghaibased,1
shaping,1
share,5
shareholders,2
shares,9
sharing,1
shaw,2
sheen,1
sheet,1
shell,2
shelved,2
shes,2
shifted,1
shifting,1
shipping,2
shoes,1
shojo,1
shoring,1
short,1
shorting,1
shortly,1
shouldnt,1
show,3
showed,2
shrinking,1
shut,1
shutting,1
sidestep,1
sign,2
signal,1
signed,1
significant,3
significantly,1
signs,1
simple,1
sing,1
singapore,1
sings,1
sinking,1
sirens,1
sit,1
site,2
situation,1
six,5
size,2
sizethe,1
slapped,1
slash,1
slid,1
slide,1
slight,1
slightly,1
slowing,2
slump,1
small,4
smaller,1
smart,2
smartangels,1
smartsheet,1
snapchat,1
socalled,1
social,23
softbank,1
softbanks,1
software,4
softwarewe,1
sold,2
solidlooking,1
sometimes,1
somewhere,1
son,1
sophisticated,1
soroger,1
sorry,1
source,3
southern,1
spagov,1
spans,1
speakers,1
special,1
specialeffects,1
specialty,1
specific,2
specifically,1
specter,1
speculative,1
speech,3
speeding,1
spend,1
spending,1
spinning,1
split,1
spokesman,6
spokesperson,2
spokeswoman,1
sporting,1
spread,4
spreadbettersthe,1
spreadbetting,2
spreadnvidia,1
sprung,1
square,1
stable,1
stage,2
stake,3
stakes,1
stamp,1
standards,1
stanley,1
starbucks,1
starting,1
startup,2
startups,3
stash,1
stashing,1
state,2
stated,2
statement,5
steel,1
steepest,1
stellar,1
stephen,1
stepped,1
steps,1
stereotypical,1
steven,1
stimulus,1
stipulated,1
stock,12
stockesma,1
stocks,7
stop,2
stopped,2
storage,1
store,1
stormy,1
straight,1
straightforward,1
strategist,1
strategy,2
streaming,1
streets,4
streetthe,1
strength,2
strengthening,1
strictly,1
strike,2
strong,2
stronger,1
strongly,1
struck,2
struggle,2
struggled,1
struggling,1
stuck,1
studies,1
studying,1
stumble,1
subsequently,1
subsidizing,1
successful,2
successfully,1
successor,1
suddenly,1
suffered,1
suffers,1
suggest,1
suggests,2
suing,1
suit,1
sums,1
supervision,1
suppliers,1
supported,1
supporters,1
surge,1
surveillance,1
survey,3
surveyed,1
surveymonkey,1
susceptible,1
suspect,1
suspected,1
suspended,1
suspicions,1
sustainable,1
sustained,1
swanson,1
swiss,1
swissquote,1
switzerland,1
switzerlands,1
system,9
systems,10
systemsby,1
table,1
tactic,1
tactics,2
tacticsmore,1
taken,5
takes,1
taking,6
tapped,1
target,1
targets,3
tariff,2
teachers,1
tech,8
techheavy,1
technologies,2
technology,11
technologybitcoin,1
telecommunications,1
tell,2
teller,1
tempeubers,1
temporarily,1
tencent,2
tends,1
tens,1
tensions,1
tenure,1
term,1
terms,2
tesla,3
test,1
tested,1
testify,1
testing,1
tests,6
theft,2
thembinary,1
themmany,1
theory,2
thereof,1
theyre,3
thinks,3
third,3
thirdparty,1
though,3
thousands,2
threatlondons,1
threats,1
thriving,1
throw,1
thrown,1
thursday,1
thus,1
tickets,1
tied,1
tier,1
ties,2
tim,1
time,6
timewhile,1
timms,1
tinder,1
tiny,2
titans,1
todays,2
together,3
token,2
tokyo,1
tokyobased,2
tokyos,2
tone,1
tool,3
tools,1
toothpaste,1
topdown,1
tornado,1
toronto,1
touch,1
tough,1
touted,1
touting,1
toxic,1
toyota,1
track,1
tracking,2
trade,12
tradersig,1
traderssorry,1
trades,1
trading,4
traditional,1
traffic,1
trailsbut,1
training,1
tranquillity,1
transactions,3
transparency,2
transparencyesma,1
transport,2
transportation,2
trapped,1
travailsget,1
travelers,1
travelport,1
treading,1
treasuries,1
treatedchristie,1
treatment,1
trial,2
trick,1
tried,3
triggered,1
trillion,1
troubles,1
truly,1
trumps,1
trust,2
trustees,2
try,1
trying,2
tumbled,3
tumblinganalysis,1
turbulent,1
turmoil,1
turn,3
turned,1
turns,1
twicethe,1
twitchy,1
twitterlike,1
twitterthe,1
twoyear,1
types,1
typically,2
uber,3
ubers,1
ugly,1
ukraine,1
ultrasafe,1
umbrella,1
unable,1
unavoidable,1
uncertainty,2
unclear,1
underground,1
underlies,1
underlying,3
underpinning,2
underscoring,1
understandably,1
undiminished,1
unease,1
union,2
unions,2
unit,3
units,1
universities,1
university,2
unlike,2
unlikely,1
unlock,2
unlocking,1
unmack,1
unnervingly,1
unprecedented,1
unpredictable,1
unregistered,1
unrelated,1
unsuspecting,1
upelliott,1
upon,1
upscale,1
urged,1
uschina,1
user,1
userowned,1
userrun,1
usersif,1
utility,1
validate,1
valuable,2
value,10
values,1
valuewhat,1
vanderwel,2
vanilla,1
vanquish,1
various,2
vehicle,1
vehicles,2
vendors,1
venture,4
ventures,1
vera,1
versus,1
vicious,1
victims,12
videogame,1
videos,1
view,2
viewers,1
vigilance,1
vigorous,1
vinnick,2
violate,1
violated,1
violence,1
virginia,1
virtual,9
virus,2
visa,1
voiceoverinternetprotocol,1
volatile,1
volatility,2
volatilitygraphic,1
volkswagen,1
voting,1
vulnerabilities,1
vulnerability,1
vulnerable,2
waiting,1
waits,1
wake,1
wakeup,1
walk,1
wallet,1
walletsthe,1
walmart,2
wang,1
wannacry,4
wanted,1
wapo,2
war,2
warbut,1
warehouse,1
warnings,2
warrants,1
wars,1
wary,1
warzel,1
wasa,1
wasnt,1
wastewater,1
watchdog,3
watching,2
water,1
watkins,1
wave,1
ways,3
weaknesses,1
weary,1
webs,1
wednesday,2
wednesdayin,1
weekends,1
weeks,3
weekthe,1
wei,1
weibo,1
weighed,1
wellgraphic,1
wells,5
went,2
werea,1
west,1
western,1
weve,2
whale,2
whats,1
white,5
whole,1
whom,1
whose,2
widen,1
wideningelsewhere,1
widespread,1
wifiatlantas,1
williams,3
willing,2
win,1
windows,1
winning,1
wiped,1
within,2
wobblesa,1
woman,1
wont,1
wooing,1
word,2
worked,1
workers,1
workinvestigators,1
world,8
worldacross,1
worlds,6
worldwide,2
worried,2
worrisome,1
worse,1
worst,3
worth,4
wouldbe,1
wouldnt,1
write,2
writes,3
writing,1
written,1
wrong,1
wrote,2
wrotecitigroup,1
wsj,6
yahoo,1
yale,1
yandex,1
yeargraphic,1
yearin,1
yearonce,1
yearone,1
yearsa,1
yearwere,1
yen,6
yesterday,4
yeti,1
yield,7
yields,3
youd,1
young,1
younger,2
yourself,2
youtube,4
youve,1
yuan,1
yuzo,1
zennon,1
zuckerberg,3
